aased001,Aase,Don,R,R,BAL,X
belle001,Bell,Eric,L,L,BAL,X
boddm001,Boddicker,Mike,R,R,BAL,X
connf001,Connally,Fritzie,R,R,BAL,X
dauer001,Dauer,Rich,R,R,BAL,X
davis001,Davis,Storm,R,R,BAL,X
dempr001,Dempsey,Rick,R,R,BAL,X
dixok001,Dixon,Ken,B,R,BAL,X
dwyej001,Dwyer,Jim,L,L,BAL,X
flanm001,Flanagan,Mike,L,L,BAL,X
fordd001,Ford,Dan,R,R,BAL,X
grosw001,Gross,Wayne,L,R,BAL,X
habyj001,Habyan,John,R,R,BAL,X
haveb001,Havens,Brad,L,L,BAL,X
hernl002,Hernandez,Leo,R,R,BAL,X
huffp001,Huffman,Phil,R,R,BAL,X
lacyl001,Lacy,Leon,R,R,BAL,X
lowej001,Lowenstein,John,L,R,BAL,X
lynnf001,Lynn,Fred,L,L,BAL,X
martd001,Martinez,Dennis,R,R,BAL,X
martt001,Martinez,Tippy,L,L,BAL,X
mcgrs001,McGregor,Scott,B,L,BAL,X
murre001,Murray,Eddie,B,R,BAL,X
nolaj001,Nolan,Joe,L,R,BAL,X
omalt001,O'Malley,Tom,L,R,BAL,X
parda001,Pardo,Al,B,R,BAL,X
parik001,Paris,Kelly,R,R,BAL,X
rayff001,Rayford,Floyd,R,R,BAL,X
ripkc001,Ripken,Cal,R,R,BAL,X
roeng001,Roenicke,Gary,R,R,BAL,X
sakal001,Sakata,Lenn,R,R,BAL,X
sheel001,Sheets,Larry,L,R,BAL,X
shelj001,Shelby,John,B,R,BAL,X
sneln001,Snell,Nat,R,R,BAL,X
stews001,Stewart,Sammy,R,R,BAL,X
swagb001,Swaggerty,Bill,R,R,BAL,X
wigga001,Wiggins,Al,B,R,BAL,X
younm002,Young,Mike,B,R,BAL,X
