abboj001,Abbott,Jim,L,L,CAL,X
andek001,Anderson,Kent,R,R,CAL,X
armat001,Armas,Tony,R,R,CAL,X
bichd001,Bichette,Dante,R,R,CAL,X
blylb001,Blyleven,Bert,R,R,CAL,X
bradb001,Brady,Brian,L,L,CAL,X
clart001,Clark,Terry,R,R,CAL,X
corbs001,Corbett,Sherman,L,L,CAL,X
davic001,Davis,Chili,B,R,CAL,X
disag001,DiSarcina,Gary,R,R,CAL,X
downb001,Downing,Brian,R,R,CAL,X
eppaj001,Eppard,Jim,L,L,CAL,X
fettm001,Fetters,Mike,R,R,CAL,X
finlc001,Finley,Chuck,L,L,CAL,X
frasw001,Fraser,Willie,R,R,CAL,X
harvb001,Harvey,Bryan,R,R,CAL,X
hoffg001,Hoffman,Glenn,R,R,CAL,X
howej002,Howell,Jack,L,R,CAL,X
joynw001,Joyner,Wally,L,L,CAL,X
lovev001,Lovelace,Vance,L,L,CAL,X
mccak001,McCaskill,Kirk,R,R,CAL,X
mcclb001,McClure,Bob,R,L,CAL,X
mclem001,McLemore,Mark,B,R,CAL,X
mintg001,Minton,Greg,B,R,CAL,X
montr002,Monteleone,Rich,R,R,CAL,X
ortoj001,Orton,John,R,R,CAL,X
parrl001,Parrish,Lance,R,R,CAL,X
petrd001,Petry,Dan,R,R,CAL,X
ray-j001,Ray,Johnny,B,R,CAL,X
roseb001,Rose,Bobby,R,R,CAL,X
schod001,Schofield,Dick,R,R,CAL,X
schrb001,Schroeder,Bill,R,R,CAL,X
tingr001,Tingley,Ron,R,R,CAL,X
venam001,Venable,Max,L,R,CAL,X
washc001,Washington,Claudell,L,L,CAL,X
whitd001,White,Devon,B,R,CAL,X
wittm001,Witt,Mike,R,R,CAL,X
