adamh101,Adams,Herb,L,L,CHA,X
aloml101,Aloma,Luis,R,R,CHA,X
appll101,Appling,Luke,R,R,CHA,X
bakef103,Baker,Floyd,L,R,CHA,X
brunj101,Bruner,Jack,L,L,CHA,X
busbj101,Busby,Jim,R,R,CHA,X
cainb101,Cain,Bob,L,L,CHA,X
carrc105,Carrasquel,Chico,R,R,CHA,X
connb103,Connelly,Bill,L,R,CHA,X
cuelc101,Cuellar,Charlie,R,R,CHA,X
erauj101,Erautt,Joe,R,R,CHA,X
fox-n101,Fox,Nellie,L,R,CHA,X
goldg101,Goldsberry,Gordon,L,L,CHA,X
gumpr101,Gumpert,Randy,R,R,CHA,X
haefm101,Haefner,Mickey,L,L,CHA,X
holck101,Holcombe,Ken,R,R,CHA,X
judsh101,Judson,Howie,R,R,CHA,X
kerig101,Keriazakos,Gus,R,R,CHA,X
kirrj101,Kirrene,Joe,R,R,CHA,X
kozaa101,Kozar,Al,R,R,CHA,X
kresc101,Kress,Chuck,L,L,CHA,X
kretl101,Kretlow,Lou,R,R,CHA,X
kuzab101,Kuzava,Bob,B,L,CHA,X
majeh101,Majeski,Hank,R,R,CHA,X
maloe101,Malone,Eddie,R,R,CHA,X
masip101,Masi,Phil,R,R,CHA,X
mccom101,McCormick,Mike,R,R,CHA,X
mcghe101,McGhee,Ed,R,R,CHA,X
michc101,Michaels,Cass,R,R,CHA,X
niarg101,Niarhos,Gus,R,R,CHA,X
ostrj102,Ostrowski,Johnny,R,R,CHA,X
perkj101,Perkovich,John,R,R,CHA,X
phild102,Philley,Dave,B,R,CHA,X
pierb101,Pierce,Billy,L,L,CHA,X
rickm101,Rickert,Marv,L,R,CHA,X
robie101,Robinson,Eddie,L,R,CHA,X
rotbm101,Rotblatt,Marv,B,L,CHA,X
salkb101,Salkeld,Bill,L,R,CHA,X
scalj102,Scala,Jerry,L,R,CHA,X
scarr102,Scarborough,Ray,R,R,CHA,X
wighb101,Wight,Bill,L,L,CHA,X
wilsb103,Wilson,Bill,R,R,CHA,X
zerng101,Zernial,Gus,R,R,CHA,X
