alded101,Alderson,Dale,R,R,CHN,X
barrd101,Barrett,Dick,R,R,CHN,X
beckh102,Becker,Heinz,B,R,CHN,X
bithh101,Bithorn,Hi,R,R,CHN,X
burrj101,Burrows,John,R,L,CHN,X
cavap101,Cavarretta,Phil,L,L,CHN,X
dalld101,Dallessandro,Dom,L,L,CHN,X
derrp101,Derringer,Paul,R,R,CHN,X
elkop101,Elko,Pete,R,R,CHN,X
ericp101,Erickson,Paul,R,R,CHN,X
flemb101,Fleming,Bill,R,R,CHN,X
gilbc101,Gilbert,Charlie,L,L,CHN,X
goodi101,Goodman,Ival,L,R,CHN,X
hacks101,Hack,Stan,L,R,CHN,X
hanye101,Hanyzewski,Ed,R,R,CHN,X
hernc101,Hernandez,Chico,R,R,CHN,X
holmb101,Holm,Billy,R,R,CHN,X
johnd101,Johnson,Don,R,R,CHN,X
kreim101,Kreitner,Mickey,R,R,CHN,X
lee-b103,Lee,Bill,R,R,CHN,X
livim101,Livingston,Mickey,R,R,CHN,X
lowrp101,Lowrey,Peanuts,R,R,CHN,X
marts103,Martin,Stu,L,R,CHN,X
mccuc101,McCullough,Clyde,R,R,CHN,X
merul101,Merullo,Lennie,R,R,CHN,X
mootj101,Mooty,Jake,R,R,CHN,X
nichb101,Nicholson,Bill,L,R,CHN,X
novil101,Novikoff,Lou,R,R,CHN,X
ostrj102,Ostrowski,Johnny,R,R,CHN,X
pafka101,Pafko,Andy,R,R,CHN,X
passc101,Passeau,Claude,R,R,CHN,X
platw101,Platt,Whitey,R,R,CHN,X
primr101,Prim,Ray,R,L,CHN,X
sauee101,Sauer,Eddie,R,R,CHN,X
schub102,Schuster,Bill,R,R,CHN,X
signw101,Signer,Walter,R,R,CHN,X
stane101,Stanky,Eddie,R,R,CHN,X
todda101,Todd,Al,R,R,CHN,X
warnl101,Warneke,Lon,R,R,CHN,X
wyseh101,Wyse,Hank,R,R,CHN,X
