bartd101,Bartell,Dick,R,R,CHN,X
bryac101,Bryant,Clay,R,R,CHN,X
cavap101,Cavarretta,Phil,L,L,CHN,X
deand102,Dean,Dizzy,R,R,CHN,X
frenl101,French,Larry,B,L,CHN,X
galaa101,Galan,Augie,B,R,CHN,X
garbb102,Garbark,Bob,R,R,CHN,X
gleej101,Gleeson,Jim,B,R,CHN,X
hacks101,Hack,Stan,L,R,CHN,X
harrr103,Harrell,Ray,R,R,CHN,X
hartg103,Hartnett,Gabby,R,R,CHN,X
hermb101,Herman,Billy,R,R,CHN,X
higbk101,Higbe,Kirby,R,R,CHN,X
lee-b103,Lee,Bill,R,R,CHN,X
leibh101,Leiber,Hank,R,R,CHN,X
lillg101,Lillard,Gene,R,R,CHN,X
mancg101,Mancuso,Gus,R,R,CHN,X
martj102,Marty,Joe,R,R,CHN,X
mattb101,Mattick,Bobby,R,R,CHN,X
mesns101,Mesner,Steve,R,R,CHN,X
nichb101,Nicholson,Bill,L,R,CHN,X
olsev101,Olsen,Vern,R,L,CHN,X
pagev101,Page,Vance,R,R,CHN,X
passc101,Passeau,Claude,R,R,CHN,X
reync102,Reynolds,Carl,R,R,CHN,X
rootc101,Root,Charlie,R,R,CHN,X
russr101,Russell,Rip,R,R,CHN,X
russj103,Russell,Jack,R,R,CHN,X
white102,Whitehill,Earl,L,L,CHN,X
