altmg101,Altman,George,L,R,CHN,X
andeb102,Anderson,Bob,R,R,CHN,X
balst101,Balsamo,Tony,R,R,CHN,X
banke101,Banks,Ernie,R,R,CHN,X
barrc101,Barragan,Cuno,R,R,CHN,X
bertd101,Bertell,Dick,R,R,CHN,X
brewj102,Brewer,Jim,L,L,CHN,X
brocl102,Brock,Lou,L,L,CHN,X
buhlb101,Buhl,Bob,R,R,CHN,X
burdf101,Burdette,Freddie,R,R,CHN,X
cardd101,Cardwell,Don,R,R,CHN,X
curtj102,Curtis,Jack,L,L,CHN,X
ellsd101,Ellsworth,Dick,L,L,CHN,X
elstd101,Elston,Don,R,R,CHN,X
gerad101,Gerard,Dave,R,R,CHN,X
gerbg101,Gerberman,George,R,R,CHN,X
grama101,Grammas,Alex,R,R,CHN,X
hobbg101,Hobbie,Glen,R,R,CHN,X
hubbk101,Hubbs,Ken,R,R,CHN,X
koonc101,Koonce,Cal,R,R,CHN,X
landd101,Landrum,Don,L,R,CHN,X
larya101,Lary,Al,R,R,CHN,X
mathn101,Mathews,Nelson,R,R,CHN,X
mcanj102,McAnany,Jim,R,R,CHN,X
mcknj101,McKnight,Jim,R,R,CHN,X
morhm101,Morhardt,Moe,L,L,CHN,X
murpd105,Murphy,Danny,L,R,CHN,X
ott-b101,Ott,Billy,B,R,CHN,X
prind101,Prince,Don,R,R,CHN,X
robed105,Robertson,Daryl,R,R,CHN,X
rodga101,Rodgers,Andre,R,R,CHN,X
santr102,Santo,Ron,R,R,CHN,X
schub101,Schultz,Barney,R,R,CHN,X
smitb104,Smith,Bobby,R,R,CHN,X
steem101,Steevens,Morris,L,L,CHN,X
tappe101,Tappe,El,R,R,CHN,X
tayls102,Taylor,Sammy,L,R,CHN,X
thacm101,Thacker,Moe,R,R,CHN,X
tothp101,Toth,Paul,R,R,CHN,X
warnj104,Warner,Jack,R,R,CHN,X
white105,White,Elder,R,R,CHN,X
willb106,Will,Bob,L,L,CHN,X
willb104,Williams,Billy,L,R,CHN,X
