arrig101,Arrigo,Gerry,L,L,CIN,X
beauj101,Beauchamp,Jim,R,R,CIN,X
bencj101,Bench,Johnny,R,R,CIN,X
breed101,Breeden,Danny,R,R,CIN,X
carbb101,Carbo,Bernie,L,R,CIN,X
carrc103,Carroll,Clay,R,R,CIN,X
chand101,Chaney,Darrel,B,R,CIN,X
clont101,Cloninger,Tony,R,R,CIN,X
corrp102,Corrales,Pat,R,R,CIN,X
culvg101,Culver,George,R,R,CIN,X
delam101,de la Hoz,Mike,R,R,CIN,X
fishj101,Fisher,Jack,R,R,CIN,X
granw101,Granger,Wayne,R,R,CIN,X
helmt101,Helms,Tommy,R,R,CIN,X
jacka101,Jackson,Al,L,L,CIN,X
johna104,Johnson,Alex,R,R,CIN,X
maloj102,Maloney,Jim,L,R,CIN,X
mashc101,Mashore,Clyde,R,R,CIN,X
may-l101,May,Lee,R,R,CIN,X
merrj102,Merritt,Jim,L,L,CIN,X
nolag101,Nolan,Gary,R,R,CIN,X
norij101,Noriega,John,R,R,CIN,X
pascc102,Pascual,Camilo,R,R,CIN,X
penaj101,Pena,Jose,R,R,CIN,X
peret001,Perez,Tony,R,R,CIN,X
queem102,Queen,Mel,L,R,CIN,X
ramop101,Ramos,Pedro,B,R,CIN,X
ribad101,Ribant,Dennis,R,R,CIN,X
rosep001,Rose,Pete,B,R,CIN,X
ruizc102,Ruiz,Chico,B,R,CIN,X
savat101,Savage,Ted,R,R,CIN,X
shorb101,Short,Bill,L,L,CIN,X
stewj102,Stewart,Jimmy,B,R,CIN,X
tolab101,Tolan,Bobby,L,L,CIN,X
whitf103,Whitfield,Fred,L,L,CIN,X
woodw101,Woodward,Woody,R,R,CIN,X
