aloms001,Alomar Jr.,Sandy,R,R,CLE,X
armsj001,Armstrong,Jack,R,R,CLE,X
arnsb001,Arnsberg,Brad,R,R,CLE,X
baerc001,Baerga,Carlos,B,R,CLE,X
belle001,Bell,Eric,L,L,CLE,X
bellj002,Belle,Albert,R,R,CLE,X
boucd001,Boucher,Denis,R,L,CLE,X
chrim001,Christopher,Mike,R,R,CLE,X
colea001,Cole,Alex,L,L,CLE,X
cookd001,Cook,Dennis,L,L,CLE,X
embra001,Embree,Alan,L,L,CLE,X
fermf001,Fermin,Felix,R,R,CLE,X
hernj001,Hernandez,Jose,R,R,CLE,X
hillg001,Hill,Glenallen,R,R,CLE,X
howat001,Howard,Thomas,B,R,CLE,X
jacob001,Jacoby,Brook,R,R,CLE,X
jeffr001,Jefferson,Reggie,B,L,CLE,X
kirbw001,Kirby,Wayne,L,R,CLE,X
levij001,Levis,Jesse,L,R,CLE,X
lewim001,Lewis,Mark,R,R,CLE,X
lilld001,Lilliquist,Derek,L,L,CLE,X
loftk001,Lofton,Kenny,L,L,CLE,X
martc002,Martinez,Carlos,R,R,CLE,X
mesaj001,Mesa,Jose,R,R,CLE,X
mlicd001,Mlicki,David,R,R,CLE,X
mutij001,Mutis,Jeff,L,L,CLE,X
nagyc001,Nagy,Charles,L,R,CLE,X
nichr002,Nichols,Rod,R,R,CLE,X
olins001,Olin,Steve,R,R,CLE,X
ortij001,Ortiz,Junior,R,R,CLE,X
ottod001,Otto,Dave,L,L,CLE,X
peret002,Perezchica,Tony,R,R,CLE,X
plune001,Plunk,Eric,R,R,CLE,X
powet001,Power,Ted,R,R,CLE,X
rohdd001,Rohde,David,B,R,CLE,X
scuds001,Scudder,Scott,R,R,CLE,X
shawj001,Shaw,Jeff,R,R,CLE,X
sorrp001,Sorrento,Paul,L,R,CLE,X
thomj002,Thome,Jim,L,R,CLE,X
whitm001,Whiten,Mark,B,R,CLE,X
wickk001,Wickander,Kevin,L,L,CLE,X
wortc001,Worthington,Craig,R,R,CLE,X
