alouj101,Alou,Jesus,R,R,HOU,X
blasw101,Blasingame,Wade,L,L,HOU,X
cedec001,Cedeno,Cesar,R,R,HOU,X
chilr101,Chiles,Rich,L,L,HOU,X
cosgm101,Cosgrove,Mike,L,L,HOU,X
culvg101,Culver,George,R,R,HOU,X
dierl101,Dierker,Larry,R,R,HOU,X
edwaj101,Edwards,Johnny,L,R,HOU,X
fenwb101,Fenwick,Bobby,R,R,HOU,X
forsk001,Forsch,Ken,R,R,HOU,X
gibbj102,Gibbon,Joe,R,L,HOU,X
gladf102,Gladding,Fred,L,R,HOU,X
grift101,Griffin,Tom,R,R,HOU,X
helmt101,Helms,Tommy,R,R,HOU,X
hiatj101,Hiatt,Jack,R,R,HOU,X
howal102,Howard,Larry,R,R,HOU,X
johnc001,Johnson,Cliff,R,R,HOU,X
may-l101,May,Lee,R,R,HOU,X
metzr101,Metzger,Roger,B,R,HOU,X
milln101,Miller,Norm,L,R,HOU,X
raded103,Rader,Doug,R,R,HOU,X
ray-j101,Ray,Jim,R,R,HOU,X
reusj001,Reuss,Jerry,L,L,HOU,X
richj101,Richard,J.R.,R,R,HOU,X
robed101,Roberts,Dave,L,L,HOU,X
stewj102,Stewart,Jimmy,B,R,HOU,X
stinb101,Stinson,Bob,B,R,HOU,X
suthg101,Sutherland,Gary,R,R,HOU,X
watsb001,Watson,Bob,R,R,HOU,X
wilsd102,Wilson,Don,R,R,HOU,X
wynnj101,Wynn,Jim,R,R,HOU,X
yorkj101,York,Jim,R,R,HOU,X
