ashba001,Ashby,Alan,B,R,HOU,X
bassk001,Bass,Kevin,B,R,HOU,X
boond101,Boone,Danny,L,L,HOU,X
cappg101,Cappuzzello,George,R,L,HOU,X
cruzj001,Cruz,Jose,L,L,HOU,X
dipif001,DiPino,Frank,L,L,HOU,X
dorab001,Doran,Bill,B,R,HOU,X
garck001,Garcia,Kiko,R,R,HOU,X
garnp001,Garner,Phil,R,R,HOU,X
heepd001,Heep,Danny,L,L,HOU,X
howea001,Howe,Art,R,R,HOU,X
iviem101,Ivie,Mike,R,R,HOU,X
knepb001,Knepper,Bob,L,L,HOU,X
knica001,Knicely,Alan,R,R,HOU,X
knigr001,Knight,Ray,R,R,HOU,X
lacof001,LaCorte,Frank,R,R,HOU,X
lacom001,LaCoss,Mike,R,R,HOU,X
loucs001,Loucks,Scott,R,R,HOU,X
moffr101,Moffitt,Randy,R,R,HOU,X
niekj001,Niekro,Joe,R,R,HOU,X
pittj001,Pittman,Joe,R,R,HOU,X
pladg101,Pladson,Gordie,R,R,HOU,X
puhlt001,Puhl,Terry,L,R,HOU,X
pujol001,Pujols,Luis,R,R,HOU,X
ray-l101,Ray,Larry,L,R,HOU,X
reync001,Reynolds,Craig,L,R,HOU,X
robeb001,Roberge,Bert,R,R,HOU,X
rossm001,Ross,Mark,R,R,HOU,X
ruhlv001,Ruhle,Vern,R,R,HOU,X
ryann001,Ryan,Nolan,R,R,HOU,X
sambj001,Sambito,Joe,L,L,HOU,X
scott001,Scott,Tony,B,R,HOU,X
smitd001,Smith,Dave,R,R,HOU,X
spilh001,Spilman,Harry,L,R,HOU,X
suttd001,Sutton,Don,R,R,HOU,X
thond001,Thon,Dickie,R,R,HOU,X
tolmt001,Tolman,Tim,R,R,HOU,X
walld001,Walling,Dennis,L,R,HOU,X
