adamg101,Adams,Glenn,L,R,MIN,X
bacsm101,Bacsik,Mike,R,R,MIN,X
borgg101,Borgmann,Glenn,R,R,MIN,X
bretk101,Brett,Ken,L,L,MIN,X
castj001,Castino,John,R,R,MIN,X
cubbm101,Cubbage,Mike,L,R,MIN,X
edwad101,Edwards,Dave,R,R,MIN,X
ericr101,Erickson,Roger,R,R,MIN,X
feltt101,Felton,Terry,R,R,MIN,X
goltd101,Goltz,Dave,R,R,MIN,X
goodd101,Goodwin,Danny,L,R,MIN,X
grahd101,Graham,Dan,L,R,MIN,X
hartp001,Hartzell,Paul,R,R,MIN,X
hollj102,Holly,Jeff,L,L,MIN,X
jackd101,Jackson,Darrell,R,L,MIN,X
jackr002,Jackson,Ron,R,R,MIN,X
koosj001,Koosman,Jerry,R,L,MIN,X
kusic101,Kusick,Craig,R,R,MIN,X
landk001,Landreaux,Ken,L,R,MIN,X
marsm101,Marshall,Mike,R,R,MIN,X
moraj001,Morales,Jose,R,R,MIN,X
norww101,Norwood,Willie,R,R,MIN,X
poweh101,Powell,Hosken,L,L,MIN,X
randb101,Randall,Bob,R,R,MIN,X
redfp101,Redfern,Pete,R,R,MIN,X
riveb101,Rivera,Bombo,R,R,MIN,X
serug101,Serum,Gary,R,R,MIN,X
smalr001,Smalley,Roy,B,R,MIN,X
sofir101,Sofield,Rick,L,R,MIN,X
stank101,Stanfield,Kevin,L,L,MIN,X
thorp101,Thormodsgard,Paul,R,R,MIN,X
vegaj101,Vega,Jesus,R,R,MIN,X
wardg001,Ward,Gary,R,R,MIN,X
wilfr001,Wilfong,Rob,L,R,MIN,X
wyneb001,Wynegar,Butch,B,R,MIN,X
zahng001,Zahn,Geoff,L,L,MIN,X
