aldrm001,Aldrete,Mike,L,L,MON,X
brooh001,Brooks,Hubie,R,R,MON,X
burkt001,Burke,Tim,R,R,MON,X
candj001,Candelaria,John,R,L,MON,X
dwyej001,Dwyer,Jim,L,L,MON,X
fitzm001,Fitzgerald,Mike,R,R,MON,X
folet001,Foley,Tom,L,R,MON,X
freys001,Frey,Steve,L,L,MON,X
galaa001,Galarraga,Andres,R,R,MON,X
garcd001,Garcia,Damaso,R,R,MON,X
gardm001,Gardner,Mark,R,R,MON,X
gideb001,Gideon,Brett,R,R,MON,X
grism001,Grissom,Marquis,R,R,MON,X
grosk001,Gross,Kevin,R,R,MON,X
harrg003,Harris,Gene,R,R,MON,X
heskj001,Hesketh,Joe,L,L,MON,X
holmb001,Holman,Brian,R,R,MON,X
hudlr001,Hudler,Rex,R,R,MON,X
husoj001,Huson,Jeff,L,R,MON,X
johnr005,Johnson,Randy,R,L,MON,X
johnw001,Johnson,Wallace,B,R,MON,X
langm001,Langston,Mark,R,L,MON,X
lugor001,Lugo,Urbano,R,R,MON,X
martd002,Martinez,Dave,L,L,MON,X
martd001,Martinez,Dennis,R,R,MON,X
mcgaa001,McGaffigan,Andy,R,R,MON,X
nixoo001,Nixon,Otis,B,R,MON,X
noboj001,Noboa,Junior,R,R,MON,X
owens001,Owen,Spike,B,R,MON,X
perep001,Perez,Pascual,R,R,MON,X
pevem001,Pevey,Marty,L,R,MON,X
raint001,Raines,Tim,B,R,MON,X
reyeg001,Reyes,Gil,R,R,MON,X
santn001,Santovenia,Nelson,R,R,MON,X
smitb001,Smith,Bryn,R,R,MON,X
smitz001,Smith,Zane,L,L,MON,X
thomr002,Thompson,Rich,R,R,MON,X
walkl001,Walker,Larry,L,R,MON,X
wallt001,Wallach,Tim,R,R,MON,X
