athek001,Atherton,Keith,R,R,OAK,X
baked002,Baker,Dusty,R,R,OAK,X
birtt001,Birtsas,Tim,L,L,OAK,X
bochb001,Bochte,Bruce,L,L,OAK,X
cansj001,Canseco,Jose,R,R,OAK,X
codic001,Codiroli,Chris,R,R,OAK,X
colld001,Collins,Dave,B,L,OAK,X
conrt001,Conroy,Tim,L,L,OAK,X
davim002,Davis,Mike,L,L,OAK,X
gallm001,Gallego,Mike,R,R,OAK,X
grifa001,Griffin,Alfredo,B,R,OAK,X
heatm001,Heath,Mike,R,R,OAK,X
hends001,Henderson,Steve,R,R,OAK,X
hilld001,Hill,Don,B,R,OAK,X
howej001,Howell,Jay,R,R,OAK,X
johnt001,John,Tommy,R,L,OAK,X
kaisj001,Kaiser,Jeff,R,L,OAK,X
kiefs001,Kiefer,Steve,R,R,OAK,X
kingd001,Kingman,Dave,R,R,OAK,X
krueb001,Krueger,Bill,L,L,OAK,X
langr001,Langford,Rick,R,R,OAK,X
lansc001,Lansford,Carney,R,R,OAK,X
mccas001,McCatty,Steve,R,R,OAK,X
meyed001,Meyer,Dan,L,R,OAK,X
muras001,Mura,Steve,R,R,OAK,X
murpd002,Murphy,Dwayne,L,R,OAK,X
obric001,O'Brien,Charlie,R,R,OAK,X
ontis001,Ontiveros,Steve,R,R,OAK,X
philt001,Phillips,Tony,B,R,OAK,X
piccr001,Picciolo,Rob,R,R,OAK,X
rijoj001,Rijo,Jose,R,R,OAK,X
suttd001,Sutton,Don,R,R,OAK,X
tellt001,Tellmann,Tom,R,R,OAK,X
tettm001,Tettleton,Mickey,B,R,OAK,X
warrm001,Warren,Mike,R,R,OAK,X
younc001,Young,Curt,R,L,OAK,X
