adamb101,Adams,Buster,R,R,PHI,X
antoj102,Antolick,Joe,R,R,PHI,X
barrd101,Barrett,Dick,R,R,PHI,X
cabap101,Caballero,Putsy,R,R,PHI,X
ciest101,Cieslak,Ted,R,R,PHI,X
covic101,Covington,Chet,B,L,PHI,X
culpb102,Culp,Benny,R,R,PHI,X
donad101,Donahue,Deacon,R,R,PHI,X
fickj101,Fick,John,L,L,PHI,X
finlb102,Finley,Bob,R,R,PHI,X
gerha101,Gerheauser,Al,L,L,PHI,X
gouln101,Goulish,Nick,L,L,PHI,X
hamng102,Hamner,Granny,R,R,PHI,X
hamrr101,Hamrick,Ray,R,R,PHI,X
helth101,Heltzel,Heinie,R,R,PHI,X
karla101,Karl,Andy,R,R,PHI,X
kennv101,Kennedy,Vern,L,R,PHI,X
kleic101,Klein,Chuck,L,R,PHI,X
lee-b103,Lee,Bill,R,R,PHI,X
letcc101,Letchas,Charlie,R,R,PHI,X
lucil101,Lucier,Lou,R,R,PHI,X
lupit101,Lupien,Tony,L,L,PHI,X
mattd101,Matthewson,Dale,R,R,PHI,X
mcker101,McKee,Rogers,L,L,PHI,X
mullm101,Mullen,Moon,L,R,PHI,X
mussb101,Mussill,Barney,R,L,PHI,X
nortr101,Northey,Ron,L,R,PHI,X
peacj101,Peacock,Johnny,L,R,PHI,X
raffk101,Raffensberger,Ken,R,L,PHI,X
rilel101,Riley,Lee,L,R,PHI,X
rippc101,Ripple,Charlie,L,L,PHI,X
schac101,Schanz,Charley,R,R,PHI,X
semia101,Seminick,Andy,R,R,PHI,X
sheam102,Shea,Merv,R,R,PHI,X
shumh101,Shuman,Harry,R,R,PHI,X
stewg101,Stewart,Glen,R,R,PHI,X
tripc101,Triplett,Coaker,R,R,PHI,X
tysot101,Tyson,Turkey,L,R,PHI,X
verda101,Verdel,Al,R,R,PHI,X
wasdj101,Wasdell,Jimmy,L,L,PHI,X
