agual001,Aguayo,Luis,R,R,PHI,X
baird001,Bair,Doug,R,R,PHI,X
bedrs001,Bedrosian,Steve,R,R,PHI,X
calhj001,Calhoun,Jeff,L,L,PHI,X
carmd001,Carman,Don,L,L,PHI,X
cowlj001,Cowley,Joe,R,R,PHI,X
dauld001,Daulton,Darren,L,R,PHI,X
dowek001,Dowell,Ken,R,R,PHI,X
easlm001,Easler,Mike,L,R,PHI,X
froht001,Frohwirth,Todd,R,R,PHI,X
grosg001,Gross,Greg,L,L,PHI,X
grosk001,Gross,Kevin,R,R,PHI,X
hayev001,Hayes,Von,L,R,PHI,X
hughk001,Hughes,Keith,L,L,PHI,X
humet001,Hume,Tom,R,R,PHI,X
jackk001,Jackson,Ken,R,R,PHI,X
jackm001,Jackson,Michael,R,R,PHI,X
jamec001,James,Chris,R,R,PHI,X
jelkg001,Jelks,Greg,R,R,PHI,X
jelts001,Jeltz,Steve,B,R,PHI,X
leggg001,Legg,Greg,R,R,PHI,X
maddm002,Maddux,Mike,R,R,PHI,X
newet001,Newell,Tom,R,R,PHI,X
parrl001,Parrish,Lance,R,R,PHI,X
rawls001,Rawley,Shane,R,L,PHI,X
ritcw001,Ritchie,Wally,L,L,PHI,X
roenr001,Roenicke,Ron,B,L,PHI,X
ruffb001,Ruffin,Bruce,R,L,PHI,X
russj002,Russell,John,R,R,PHI,X
samuj001,Samuel,Juan,R,R,PHI,X
schad001,Schatzeder,Dan,L,L,PHI,X
schmm001,Schmidt,Mike,R,R,PHI,X
schur001,Schu,Rich,R,R,PHI,X
stonj001,Stone,Jeff,L,R,PHI,X
tekuk001,Tekulve,Kent,R,R,PHI,X
thomm001,Thompson,Milt,L,R,PHI,X
tolif001,Toliver,Freddie,R,R,PHI,X
wilsg001,Wilson,Glenn,R,R,PHI,X
